{
    "a1": {
        "link": "#top",
        "name": "",
        "text": "Home"
    },
    "a2": {
        "link": "#about",
        "name": "",
        "text": "About us"
    },
    "a3": {
        "link": "#services",
        "name": "",
        "text": "Services"
    },
    "a4": {
        "link": "#blog",
        "name": "",
        "text": "Blog"
    },
    "a5": {
        "link": "#portfolio",
        "name": "",
        "text": "Portfolio"
    },
    "a6": {
        "link": "#contact",
        "name": "",
        "text": "Message Us"
    },
    "a7": {
        "link": "#contact",
        "name": "",
        "text": "Contact Now"
    },
    "button1": {
        "name": "",
        "text": "Analyze Site"
    },
    "button2": {
        "name": "",
        "text": "Send Message"
    },
    "h10": {
        "name": "",
        "text": "SEO Agency &amp; Digital Marketing"
    },
    "h11": {
        "name": "",
        "text": "Feel Free To Send Us a Message if you had any quea"
    },
    "h12": {
        "name": "",
        "text": "For any enquiry, Call Us: <span><i class='fa fa-phone'></i> <a href='#'>+2519-13-232331</a></span>"
    },
    "h2": {
        "name": "",
        "text": "Welcome to Space Dynamic"
    },
    "h3": {
        "name": "",
        "text": "We Make <em>Digital Ideas</em> &amp; <span>SEO</span> Marketing"
    },
    "h5": {
        "name": "",
        "text": "Grow your website with our <em>SEO</em> service &amp; <span>Project</span> Ideas"
    },
    "h7": {
        "name": "",
        "text": "See What Our Agency <em>Offers</em> &amp; What We <span>Provide</span>"
    },
    "h9": {
        "name": "",
        "text": "Check Out What Is <em>Trending</em> In Our Latest <span>News</span>"
    },
    "img1": {
        "name": "",
        "text": "assets/images/banner-right-image.png"
    },
    "img2": {
        "name": "",
        "text": "assets/images/about-left-image.png"
    },
    "img4": {
        "name": "",
        "text": "assets/images/services-left-image.png"
    },
    "img6": {
        "name": "",
        "text": "assets/images/blog-dec.png"
    },
    "img7": {
        "name": "",
        "text": "assets/images/big-blog-thumb.jpg"
    },
    "li10": {
        "name": "",
        "text": " Branding"
    },
    "li8": {
        "name": "",
        "text": " 24 Mar 2021"
    },
    "li9": {
        "name": "",
        "text": " TemplateMo"
    },
    "name1": {
        "name": "",
        "text": "test<span>Campnay</span>"
    },
    "p1": {
        "name": "",
        "text": "Space Dynamic is a professional looking HTML template using a Bootstrap 5 (beta 2). This CSS template is free for you provided by <a id= 'a8' href='#' >TemplateMo</a>."
    },
    "p3": {
        "name": "",
        "text": "Space Dynamic HTML5 template is free to use for your website projects. However, you are not permitted to redistribute the template ZIP file on any CSS template collection websites. Please contact us for more information. Thank you for your kind cooperation."
    },
    "p5": {
        "name": "",
        "text": "Lorem ipsum dolor sit amet, consectetur and sed doer ket eismod tempor incididunt ut labore et dolore magna..."
    },
    "p7": {
        "name": "",
        "text": "Lorem ipsum dolor sit amet, consectetur adipiscing elit, sed doer ket eismod tempor incididunt ut labore et dolores"
    },
    "span1": {
        "name": "",
        "text": "Menu"
    },
    "table_data": {
        "table1": {
            "data": [
                {
                    "h4": {
                        "name": "",
                        "text": "Data Analysis"
                    },
                    "img": {
                        "name": "",
                        "text": "assets/images/service-icon-01.png"
                    },
                    "p": {
                        "name": "",
                        "text": "Lorem ipsum dolor sit amet, ctetur aoi adipiscing eliter"
                    },
                    "id":1
                }
            ],
            "name": "table name",
            "table_order":["h4","img","p"],
            "cunt":1
        },
        "table3": {
            "data": [
                {
                    "h4": {
                        "name": "",
                        "text": "Website Analysis"
                    },
                    "img": {
                        "name": "",
                        "text": "assets/images/portfolio-image.png"
                    },
                    "p": {
                        "name": "",
                        "text": "Lorem ipsum dolor sit ameti ctetur aoi adipiscing eto."
                    },
                    "id":1
                }
            ],
            "name": "tblae name 2",
            "table_order":["h4","img","p"],
            "cunt":1
        },
        "table4": {
            "data": [
                {
                    "h4": {
                        "name": "",
                        "text": "New Websites &amp; Backlinks"
                    },
                    "img": {
                        "name": "",
                        "text": "assets/images/blog-thumb-01.jpg"
                    },
                    "p": {
                        "name": "",
                        "text": "Lorem ipsum dolor sit amsecteturii and sed doer ket eismod..."
                    },
                    "span3": {
                        "name": "",
                        "text": "18 Mar 2021"
                    },
                    "id":1
                }
            ],
            "name": "table name 3",
            "table_order":["h4","img","p","span3"],
            "cunt":1
        }
    },
    "title1": {
        "name": "",
        "text": "Space Dynamic"
    }
}